day,product,n_rows,t_min,t_max,mid_mean,mid_std,spread_mean,spread_std,spread_min,spread_max,bid_vol_mean,ask_vol_mean,imbalance_full_mean,imbalance_full_std
-2,EMERALDS,10000,0,999900,9999.9972,0.7299626322930616,15.7336,1.4354222666896206,8.0,16.0,37.6995,37.7077,-0.00010891151918085662,0.01738927064739318
-1,EMERALDS,10000,0,999900,9999.998,0.7166919594474451,15.7432,1.4101959527890169,8.0,16.0,37.6324,37.6393,-8.353973736491198e-05,0.016853797272953833
-2,TOMATOES,10000,0,999900,5007.9485,10.288713890149848,13.0652,1.7546671609409488,5.0,14.0,27.729,27.7299,-2.6620549478231635e-05,0.02709789061173206
-1,TOMATOES,10000,0,999900,4977.56775,14.578497460186052,12.9753,1.7534529847523639,5.0,14.0,27.7698,27.7697,-8.885603536049702e-05,0.027049101745385933
